"xcoord","ycoord","response"
1.1,3,8.35605726155538
3.2,3.5,30.7961765344739
2.1,6,19.8461521736131
4.9,1.5,19.665026670259
5.5,5.5,26.5009720657906
7,3.2,35.5266688115962
7.8,1,25.0793919344829
9,4.5,45.3087952989197
2.3,1,21.370964432167
6.9,7,30.8903855948504
